component,family
lgbm_lgbm643_xsz_soft_n300k__pred,lgb
lgbm_lgbm643_xsz_soft_n300k__pred_xsz,lgb
lgbm_lgbm643_xsz_soft_n300k__pred_xrank,lgb
lgbm_ridge617_xsz_soft_n300k__pred,lgb
lgbm_ridge617_xsz_soft_n300k__pred_xsz,lgb
lgbm_ridge617_xsz_soft_n300k__pred_xrank,lgb
lgbm_union927_xsz_soft_n300k__pred,lgb
lgbm_union927_xsz_soft_n300k__pred_xsz,lgb
lgbm_union927_xsz_soft_n300k__pred_xrank,lgb
mlp_mlp333_new1000_ret527_hl12_n600k__pred,mlp
mlp_mlp333_new1000_ret527_hl12_n600k__pred_xsz,mlp
mlp_mlp333_new1000_ret527_hl12_n600k__pred_xrank,mlp
mlp_overlap333_xrank_hl12_n800k__pred,mlp
mlp_overlap333_xrank_hl12_n800k__pred_xsz,mlp
mlp_overlap333_xrank_hl12_n800k__pred_xrank,mlp
mlp_overlap333_xsz_hl12_n1200k__pred,mlp
mlp_overlap333_xsz_hl12_n1200k__pred_xsz,mlp
mlp_overlap333_xsz_hl12_n1200k__pred_xrank,mlp
mlp_overlap333_xsz_hl12_n400k__pred,mlp
mlp_overlap333_xsz_hl12_n400k__pred_xsz,mlp
mlp_overlap333_xsz_hl12_n400k__pred_xrank,mlp
mlp_overlap333_xsz_hl12_n800k__pred,mlp
mlp_overlap333_xsz_hl12_n800k__pred_xsz,mlp
mlp_overlap333_xsz_hl12_n800k__pred_xrank,mlp
mlp_overlap333_xsz_hl12_n800k_corrmse_val1__pred,mlp
mlp_overlap333_xsz_hl12_n800k_corrmse_val1__pred_xsz,mlp
mlp_overlap333_xsz_hl12_n800k_corrmse_val1__pred_xrank,mlp
mlp_overlap333_xsz_hl12_wstd_n400k__pred,mlp
mlp_overlap333_xsz_hl12_wstd_n400k__pred_xsz,mlp
mlp_overlap333_xsz_hl12_wstd_n400k__pred_xrank,mlp
mlp_ridge617_xsz_hl12_n400k__pred,mlp
mlp_ridge617_xsz_hl12_n400k__pred_xsz,mlp
mlp_ridge617_xsz_hl12_n400k__pred_xrank,mlp
mlp_union927_xsz_hl12_n400k_top450_corrmse__pred,mlp
mlp_union927_xsz_hl12_n400k_top450_corrmse__pred_xsz,mlp
mlp_union927_xsz_hl12_n400k_top450_corrmse__pred_xrank,mlp
ridge_lgbm643_xsz_a1__pred,ridge
ridge_lgbm643_xsz_a1__pred_xsz,ridge
ridge_lgbm643_xsz_a1__pred_xrank,ridge
ridge_overlap333_xsz_a05__pred,ridge
ridge_overlap333_xsz_a05__pred_xsz,ridge
ridge_overlap333_xsz_a05__pred_xrank,ridge
ridge_overlap333_xsz_hl12_a05__pred,ridge
ridge_overlap333_xsz_hl12_a05__pred_xsz,ridge
ridge_overlap333_xsz_hl12_a05__pred_xrank,ridge
ridge_overlap333_xsz_hl6_a05__pred,ridge
ridge_overlap333_xsz_hl6_a05__pred_xsz,ridge
ridge_overlap333_xsz_hl6_a05__pred_xrank,ridge
ridge_ridge617_ranknorm_a1__pred,ridge
ridge_ridge617_ranknorm_a1__pred_xsz,ridge
ridge_ridge617_ranknorm_a1__pred_xrank,ridge
ridge_ridge617_xsz_a1__pred,ridge
ridge_ridge617_xsz_a1__pred_xsz,ridge
ridge_ridge617_xsz_a1__pred_xrank,ridge
ridge_ridge617_xsz_hl12_a1__pred,ridge
ridge_ridge617_xsz_hl12_a1__pred_xsz,ridge
ridge_ridge617_xsz_hl12_a1__pred_xrank,ridge
ridge_ridge617_xsz_hl6_a1__pred,ridge
ridge_ridge617_xsz_hl6_a1__pred_xsz,ridge
ridge_ridge617_xsz_hl6_a1__pred_xrank,ridge
ridge_ridge617_xsz_lb12_a1__pred,ridge
ridge_ridge617_xsz_lb12_a1__pred_xsz,ridge
ridge_ridge617_xsz_lb12_a1__pred_xrank,ridge
ridge_ridge617_xsz_lb18_a1__pred,ridge
ridge_ridge617_xsz_lb18_a1__pred_xsz,ridge
ridge_ridge617_xsz_lb18_a1__pred_xrank,ridge
ridge_ridge617_xsz_lb6_a1__pred,ridge
ridge_ridge617_xsz_lb6_a1__pred_xsz,ridge
ridge_ridge617_xsz_lb6_a1__pred_xrank,ridge
ridge_ridge617_xsz_top200_a05__pred,ridge
ridge_ridge617_xsz_top200_a05__pred_xsz,ridge
ridge_ridge617_xsz_top200_a05__pred_xrank,ridge
ridge_ridge617_xsz_top300_a05__pred,ridge
ridge_ridge617_xsz_top300_a05__pred_xsz,ridge
ridge_ridge617_xsz_top300_a05__pred_xrank,ridge
ridge_union927_xsz_a2__pred,ridge
ridge_union927_xsz_a2__pred_xsz,ridge
ridge_union927_xsz_a2__pred_xrank,ridge
new1617_shuffle_rolling_lgb838__pred,lgb
new1617_shuffle_rolling_lgb838__pred_xsz,lgb
new1617_shuffle_rolling_lgb838__pred_xrank,lgb
new1617_shuffle_rolling_mlp537__pred,mlp
new1617_shuffle_rolling_mlp537__pred_xsz,mlp
new1617_shuffle_rolling_mlp537__pred_xrank,mlp
lowcorr_lgb_meta_chain_xsz__pred,lowcorr
lowcorr_lgb_meta_chain_xsz__pred_xsz,lowcorr
lowcorr_lgb_meta_chain_xsz__pred_xrank,lowcorr
lowcorr_lgb_fwd15_light_xsz__pred,lowcorr
lowcorr_lgb_fwd15_light_xsz__pred_xsz,lowcorr
lowcorr_lgb_fwd15_light_xsz__pred_xrank,lowcorr
lowcorr_ridge_chain_only_xsz__pred,lowcorr
lowcorr_ridge_chain_only_xsz__pred_xsz,lowcorr
lowcorr_ridge_chain_only_xsz__pred_xrank,lowcorr
lowcorr_ridge_meta_chain_xsz__pred,lowcorr
lowcorr_ridge_meta_chain_xsz__pred_xsz,lowcorr
lowcorr_ridge_meta_chain_xsz__pred_xrank,lowcorr
new_lgb_resid_lgb_meta_chain_xsz__pred,lowcorr
new_lgb_resid_lgb_meta_chain_xsz__pred_xsz,lowcorr
new_lgb_resid_lgb_meta_chain_xsz__pred_xrank,lowcorr
oldclean__core_raw,old_clean
oldclean__core_xsz,old_clean
oldclean__core_xrank,old_clean
oldclean__anchor_raw,old_clean
oldclean__anchor_xsz,old_clean
oldclean__anchor_xrank,old_clean
oldclean__flgb1819_z,old_clean
oldclean__flgb2021_z,old_clean
oldclean__group650_z,old_clean
oldclean__group650_xsz,old_clean
oldclean__group650_xrank,old_clean
old9__mlp_overlap333_xsz_hl12_n1200k_raw,old9
old9__base_raw_raw,old9
old9__chunk_t500_xsz_random_shallow_lb18_raw,old9
old9__base_xsz_xrank,old9
old9__lowcorr_lgb_meta_chain_xsz_raw,old9
old9__mlp_overlap333_xsz_hl12_n800k_xsz,old9
old9__opt_group_t260_xsz_random_assist_exp_raw,old9
old9__base_raw_xsz,old9
old9__lowcorr_ridge_chain_only_xsz_raw,old9
